178.76,0
179.14,0
179.52,0
179.9,0
180.28,0
180.66,0
181.04,0
181.42,0
181.8,0
182.18,0
182.55,0
182.93,0
183.31,0
183.69,0
184.07,0
184.45,0
184.83,0
185.21,0
185.59,0
185.97,0
186.35,0
186.72,0
187.1,0
187.48,0
187.86,0
188.24,0
188.62,0
189,0
189.38,0
189.75,0
190.13,0
190.51,0
190.89,0
191.27,0
191.65,0
192.03,0
192.4,0
192.78,0
193.16,0
193.54,0
193.92,0
194.3,0
194.67,0
195.05,0
195.43,0
195.81,0
196.19,0
196.56,0
196.94,0
197.32,0
197.7,0
198.08,0
198.45,0
198.83,0
199.21,0
199.59,0
199.97,0
200.34,0
200.72,0
201.1,0
201.48,0
201.85,0
202.23,0
202.61,0
202.99,0
203.36,0
203.74,0
204.12,0
204.49,0
204.87,0
205.25,0
205.63,0
206,0
206.38,0
206.76,0
207.14,0
207.51,0
207.89,0
208.27,0
208.64,0
209.02,0
209.4,0
209.77,0
210.15,0.00000125332088
210.53,0.00000117066536
210.9,0.00000116644868
211.28,0.00000114646194
211.66,0.00000108890005
212.03,0.00000106888341
212.41,0.00000103705715
212.79,0.00000100179328
213.16,0.00000096678584
213.54,0.000000960664826
213.92,0.000000904071669
214.29,0.000000912101317
214.67,0.000000884614263
215.05,0.00000084938926
215.42,0.00000083261989
215.8,0.000000806347579
216.17,0.000000792577907
216.55,0.000000771998238
216.93,0.000000756267222
217.3,0.000000747369206
217.68,0.000000714746276
218.05,0.000000705511223
218.43,0.00000067581398
218.81,0.000000678495604
219.18,0.00000064846618
219.56,0.000000629399402
219.93,0.000000628683982
220.31,0.000000616162555
220.69,0.000000598825567
221.06,0.000000583528178
221.44,0.00000058329052
221.81,0.000000567886825
222.19,0.000000540353433
222.56,0.000000533856709
222.94,0.000000515695527
223.32,0.00000050831718
223.69,0.000000506436833
224.07,0.000000498844545
224.44,0.000000483892473
224.82,0.000000479072461
225.19,0.000000471502983
225.57,0.000000460573142
225.94,0.000000450846992
226.32,0.000000439092675
226.69,0.000000433912107
227.07,0.000000425394681
227.44,0.000000412806062
227.82,0.000000407659081
228.19,0.000000396288875
228.57,0.000000392783962
228.94,0.000000382715605
229.32,0.000000383542575
229.69,0.000000369060577
230.07,0.000000367677234
230.44,0.000000362198955
230.82,0.000000352910795
231.19,0.000000352171362
231.57,0.000000339328129
231.94,0.000000339825807
232.32,0.000000328161023
232.69,0.000000326193168
233.07,0.000000320044678
233.44,0.000000314667249
233.82,0.000000308963129
234.19,0.000000311299105
234.57,0.000000302481671
234.94,0.000000299443408
235.31,0.000000290652494
235.69,0.000000286616454
236.06,0.000000286942125
236.44,0.000000278584085
236.81,0.000000278406098
237.19,0.000000272783218
237.56,0.000000275112539
237.93,0.00000026602603
238.31,0.000000263068774
238.68,0.000000263872995
239.06,0.000000257187742
239.43,0.000000253167248
239.81,0.000000248916729
240.18,0.000000249331754
240.55,0.000000242315211
240.93,0.000000242037159
241.3,0.000000240319156
241.67,0.000000236184155
242.05,0.000000234542834
242.42,0.000000230895147
242.8,0.000000230581677
243.17,0.000000228539019
243.54,0.000000227017668
243.92,0.000000224708345
244.29,0.00000022152663
244.66,0.000000216046257
245.04,0.000000215877655
245.41,0.000000211099172
245.78,0.000000209458841
246.16,0.000000206706506
246.53,0.000000204589319
246.9,0.000000202087468
247.28,0.000000201319372
247.65,0.00000020121572
248.02,0.00000019901474
248.4,0.00000019518887
248.77,0.000000192842017
249.14,0.000000190131924
249.52,0.000000189159008
249.89,0.000000184542293
250.26,0.000000184149407
250.64,0.000000184129176
251.01,0.000000182507631
251.38,0.00000017827489
251.75,0.00000017930185
252.13,0.000000176086488
252.5,0.000000172633722
252.87,0.000000169272757
253.25,0.000000171513183
253.62,0.000000167972786
253.99,0.00000016649585
254.36,0.000000167793683
254.74,0.000000165981056
255.11,0.000000165071531
255.48,0.000000163079211
255.85,0.00000016532586
256.23,0.000000160133044
256.6,0.000000160249143
256.97,0.000000160476052
257.34,0.000000157106254
257.71,0.000000157147336
258.09,0.000000156260427
258.46,0.000000154011279
258.83,0.000000152656629
259.2,0.000000151433739
259.58,0.000000152070505
259.95,0.000000149690444
260.32,0.000000150799744
260.69,0.000000148094498
261.06,0.000000149423729
261.44,0.000000146007567
261.81,0.000000145738416
262.18,0.000000145328691
262.55,0.000000145344738
262.92,0.000000143910938
263.29,0.000000143887295
263.67,0.000000144619519
264.04,0.000000143299049
264.41,0.000000142959177
264.78,0.000000139090971
265.15,0.000000140405421
265.52,0.000000143051514
265.9,0.000000139308834
266.27,0.000000137939713
266.64,0.000000137268225
267.01,0.000000138924748
267.38,0.000000137463451
267.75,0.000000135657017
268.12,0.000000135818114
268.5,0.000000137082789
268.87,0.000000133153942
269.24,0.000000132643233
269.61,0.000000130756247
269.98,0.00000013242762
270.35,0.000000131294947
270.72,0.000000129515492
271.09,0.000000128275831
271.46,0.000000126253946
271.83,0.000000126086173
272.21,0.000000125667684
272.58,0.000000125625022
272.95,0.000000124873224
273.32,0.000000122636967
273.69,0.000000123904778
274.06,0.00000012198389
274.43,0.00000012233846
274.8,0.000000120258966
275.17,0.000000119937637
275.54,0.000000118090766
275.91,0.000000118074666
276.28,0.000000115748769
276.65,0.000000116581715
277.02,0.000000115150987
277.39,0.000000112893691
277.76,0.000000114423099
278.13,0.000000113820357
278.5,0.000000112845336
278.87,0.000000112153907
279.24,0.000000109994267
279.61,0.000000110398029
279.98,0.000000109749522
280.35,0.000000107734621
280.72,0.000000107959535
281.09,0.000000106705874
281.46,0.000000107752953
281.83,0.000000107939949
282.2,0.00000010728116
282.57,0.000000105879185
282.94,0.000000104035532
283.31,0.000000104173637
283.68,0.000000104927415
284.05,0.000000103327003
284.42,0.000000101831489
284.79,0.000000101952688
285.16,0.000000101292258
285.53,0.000000102779438
285.9,0.000000099316635
286.27,0.000000100437535
286.64,0.00000010018142
287.01,0.00000010075779
287.38,0.000000100149525
287.75,0.0000000982472596
288.12,0.0000000991048494
288.49,0.0000000974686046
288.86,0.0000000979419397
289.23,0.0000000970426978
289.59,0.0000000969078441
289.96,0.000000097103687
290.33,0.0000000988879685
290.7,0.0000000975160011
291.07,0.0000000974123118
291.44,0.0000000970357813
291.81,0.0000000966870352
292.18,0.0000000960575341
292.55,0.0000000960292384
292.91,0.0000000947265095
293.28,0.0000000954466673
293.65,0.0000000961620737
294.02,0.0000000947894834
294.39,0.0000000942300642
294.76,0.0000000934906641
295.13,0.0000000941174395
295.5,0.0000000954745896
295.86,0.0000000933639795
296.23,0.0000000924568146
296.6,0.0000000932916088
296.97,0.0000000925268716
297.34,0.0000000914802463
297.71,0.0000000917064594
298.07,0.0000000897721674
298.44,0.0000000909804159
298.81,0.0000000887730647
299.18,0.0000000903358422
299.55,0.000000091054205
299.91,0.000000089319432
300.28,0.0000000904220986
300.65,0.0000000891267829
301.02,0.0000000883717706
301.39,0.0000000887478479
301.75,0.0000000863658868
302.12,0.0000000869631258
302.49,0.0000000873743974
302.86,0.0000000862326908
303.23,0.0000000860503058
303.59,0.0000000870885744
303.96,0.0000000857514841
304.33,0.0000000878127875
304.7,0.000000085164564
305.06,0.000000084916188
305.43,0.0000000858988332
305.8,0.0000000839434198
306.17,0.000000083462252
306.53,0.0000000833990999
306.9,0.000000083040577
307.27,0.0000000830667564
307.64,0.0000000821674851
308,0.0000000827207405
308.37,0.0000000793454825
308.74,0.0000000815881682
309.11,0.0000000815339808
309.47,0.0000000806501141
309.84,0.000000080351441
310.21,0.0000000803336869
310.57,0.0000000787605774
310.94,0.000000079472188
311.31,0.0000000787384564
311.67,0.0000000786667686
312.04,0.0000000789155165
312.41,0.0000000794727159
312.77,0.0000000783832081
313.14,0.0000000782024399
313.51,0.0000000770167366
313.87,0.0000000772175366
314.24,0.0000000765872918
314.61,0.0000000775745424
314.97,0.0000000774251307
315.34,0.000000077690468
315.71,0.0000000779206061
316.07,0.000000077903765
316.44,0.0000000769360271
316.81,0.0000000773961315
317.17,0.00000007716608
317.54,0.0000000766904544
317.91,0.0000000764088019
318.27,0.0000000757421123
318.64,0.000000077568722
319,0.000000078022041
319.37,0.0000000764434555
319.74,0.000000078245241
320.1,0.0000000796345775
320.47,0.0000000793266366
320.83,0.0000000782006509
321.2,0.0000000766542424
321.57,0.0000000763854501
321.93,0.0000000750789486
322.3,0.0000000727920325
322.66,0.0000000731241321
323.03,0.0000000712418645
323.4,0.0000000706848798
323.76,0.0000000692317637
324.13,0.0000000688057353
324.49,0.0000000681287026
324.86,0.0000000674706199
325.22,0.0000000661253635
325.59,0.0000000662210687
325.95,0.0000000670328225
326.32,0.0000000677855521
326.68,0.0000000682449279
327.05,0.0000000684503392
327.42,0.0000000693585647
327.78,0.0000000686842754
328.15,0.0000000685956379
328.51,0.0000000683702424
328.88,0.0000000686261155
329.24,0.000000068136936
329.61,0.0000000683308473
329.97,0.000000066548541
330.34,0.0000000669008247
330.7,0.0000000675217897
331.07,0.0000000682875844
331.43,0.0000000662609289
331.8,0.0000000668366696
332.16,0.000000067192631
332.52,0.0000000667208315
332.89,0.0000000672483032
333.25,0.0000000664827312
333.62,0.0000000656667197
333.98,0.0000000654011202
334.35,0.0000000665791879
334.71,0.0000000659669714
335.08,0.0000000657005049
335.44,0.0000000658383075
335.81,0.0000000663396769
336.17,0.000000065267609
336.53,0.0000000646346889
336.9,0.0000000649571995
337.26,0.0000000653115526
337.63,0.0000000649775206
337.99,0.0000000649582072
338.36,0.0000000640568649
338.72,0.000000064247846
339.08,0.0000000633479721
339.45,0.0000000636362384
339.81,0.0000000636232808
340.18,0.0000000629229855
340.54,0.0000000630049955
340.9,0.0000000622388891
341.27,0.0000000628247805
341.63,0.0000000621092422
341.99,0.0000000630708172
342.36,0.0000000617591353
342.72,0.0000000618009315
343.09,0.0000000620862602
343.45,0.000000062476014
343.81,0.0000000614754299
344.18,0.0000000616403222
344.54,0.0000000616915112
344.9,0.000000060849823
345.27,0.0000000609620321
345.63,0.0000000606552397
345.99,0.0000000600601536
346.36,0.0000000607814643
346.72,0.0000000616756974
347.08,0.0000000604024601
347.45,0.0000000596026677
347.81,0.0000000591878217
348.17,0.0000000603413488
348.54,0.0000000595778737
348.9,0.0000000594928046
349.26,0.0000000599068066
349.62,0.0000000591840543
349.99,0.0000000581343351
350.35,0.0000000595760667
350.71,0.0000000583991736
351.08,0.0000000582357669
351.44,0.0000000580858727
351.8,0.0000000577580823
352.16,0.0000000584730785
352.53,0.0000000583039297
352.89,0.000000057620057
353.25,0.0000000573684855
353.61,0.0000000582289449
353.98,0.0000000576330259
354.34,0.0000000581741209
354.7,0.0000000573721448
355.06,0.0000000571852868
355.43,0.0000000575189132
355.79,0.0000000574527977
356.15,0.0000000563973851
356.51,0.0000000566053034
356.88,0.0000000556922991
357.24,0.0000000564462207
357.6,0.0000000566326982
357.96,0.0000000569188943
358.32,0.0000000560313567
358.69,0.0000000557550142
359.05,0.00000005625459
359.41,0.0000000559606126
359.77,0.0000000549915252
360.13,0.0000000548657645
360.49,0.0000000559150563
360.86,0.0000000555553834
361.22,0.0000000551355513
361.58,0.0000000552163153
361.94,0.0000000547138266
362.3,0.0000000543880303
362.66,0.0000000543309244
363.03,0.0000000547455563
363.39,0.0000000540985263
363.75,0.0000000544954231
364.11,0.0000000539750247
364.47,0.0000000538678198
364.83,0.0000000532146812
365.19,0.0000000535792188
365.56,0.0000000540671652
365.92,0.0000000535522595
366.28,0.0000000535605256
366.64,0.0000000539698905
367,0.0000000541368599
367.36,0.0000000533466394
367.72,0.0000000529773086
368.08,0.0000000533140386
368.44,0.000000052928971
368.8,0.0000000536501643
369.17,0.000000053421578
369.53,0.0000000534508318
369.89,0.0000000529865314
370.25,0.0000000526550719
370.61,0.0000000532715729
370.97,0.0000000531936342
371.33,0.0000000534799731
371.69,0.0000000528704508
372.05,0.000000053509996
372.41,0.0000000527329399
372.77,0.0000000535769881
373.13,0.0000000539163039
373.49,0.0000000522592744
373.85,0.0000000524371079
374.21,0.0000000529655936
374.57,0.0000000530879638
374.93,0.0000000517471281
375.29,0.0000000519861788
375.65,0.0000000511863483
376.01,0.0000000512850146
376.37,0.0000000516423921
376.73,0.0000000518424045
377.09,0.0000000512625641
377.45,0.000000050971685
377.81,0.0000000509920248
378.17,0.0000000449673557
378.53,0.0000000493069764
378.89,0.000000044152844
379.25,0.0000000465536653
379.61,0.0000000465958926
379.97,0.0000000472413912
380.33,0.0000000494097703
380.69,0.0000000472138301
381.05,0.0000000476382574
381.41,0.0000000466667358
381.77,0.0000000462547141
382.13,0.0000000452238694
382.49,0.0000000460648972
382.85,0.0000000462711295
383.21,0.0000000468269354
383.57,0.0000000454770444
383.93,0.0000000467917006
384.28,0.0000000451489296
384.64,0.0000000451736688
385,0.0000000456990678
385.36,0.0000000472283334
385.72,0.0000000479270422
386.08,0.0000000475468849
386.44,0.000000046666518
386.8,0.0000000469209203
387.16,0.0000000478834267
387.52,0.0000000473845969
387.87,0.000000046414133
388.23,0.0000000462714536
388.59,0.0000000475977749
388.95,0.0000000450464511
389.31,0.0000000462531063
389.67,0.0000000457094079
390.03,0.0000000447538746
390.38,0.0000000477519423
390.74,0.0000000464220316
391.1,0.0000000459784038
391.46,0.0000000479058759
391.82,0.0000000461586189
392.18,0.0000000489926499
392.54,0.0000000467416615
392.89,0.0000000457715722
393.25,0.0000000470440746
393.61,0.0000000437499922
393.97,0.0000000460212798
394.33,0.0000000468082067
394.68,0.0000000481770168
395.04,0.0000000463505366
395.4,0.0000000467117913
395.76,0.0000000465090952
396.12,0.0000000464964728
396.47,0.0000000474576972
396.83,0.0000000442609115
397.19,0.000000045410529
397.55,0.0000000457906962
397.9,0.0000000461726066
398.26,0.0000000468409883
398.62,0.0000000471207453
398.98,0.0000000474369054
399.33,0.0000000486057425
399.69,0.0000000458034853
400.05,0.000000045809045
400.41,0.0000000459140068
400.76,0.00000004807636
401.12,0.0000000458632912
401.48,0.0000000454895678
401.84,0.0000000467603621
402.19,0.0000000456713715
402.55,0.0000000466074572
402.91,0.0000000462628529
403.26,0.0000000451946936
403.62,0.0000000462540876
403.98,0.0000000467066482
404.34,0.0000000460346007
404.69,0.0000000467606257
405.05,0.0000000483837833
405.41,0.00000004561012
405.76,0.0000000472354137
406.12,0.0000000474668426
406.48,0.0000000449101393
406.83,0.0000000467290108
407.19,0.0000000449397984
407.55,0.0000000468863224
407.9,0.0000000462916184
408.26,0.0000000449503311
408.62,0.0000000458605359
408.97,0.0000000456952156
409.33,0.0000000468785684
409.68,0.0000000449262535
410.04,0.000000045572543
410.4,0.0000000462850193
410.75,0.0000000442227001
411.11,0.0000000432208022
411.47,0.0000000445566764
411.82,0.000000046987808
412.18,0.0000000449920211
412.53,0.0000000455669281
412.89,0.0000000452020825
413.25,0.0000000468757044
413.6,0.0000000467520755
413.96,0.0000000459351199
414.31,0.0000000460281293
414.67,0.0000000456954141
415.03,0.0000000444434373
415.38,0.0000000462844047
415.74,0.0000000442481072
416.09,0.0000000458078401
416.45,0.0000000454958407
416.8,0.0000000458814646
417.16,0.0000000437813336
417.51,0.0000000455092147
417.87,0.0000000452844947
418.23,0.0000000473026128
418.58,0.0000000465198303
418.94,0.000000046005165
419.29,0.000000046864185
419.65,0.0000000476716106
420,0.0000000457837991
420.36,0.0000000467643741
420.71,0.0000000464254686
421.07,0.0000000457607885
421.42,0.0000000470274008
421.78,0.0000000457081844
422.13,0.0000000456624853
422.49,0.0000000453613898
422.84,0.000000046582129
423.2,0.0000000477853225
423.55,0.0000000461816686
423.91,0.0000000466398402
424.26,0.0000000462490563
424.61,0.0000000460392527
424.97,0.0000000467929941
425.32,0.0000000464944002
425.68,0.00000004742921
426.03,0.0000000455147923
426.39,0.0000000470421204
426.74,0.000000046395447
427.1,0.0000000465085197
427.45,0.0000000461509816
427.8,0.0000000464685531
428.16,0.0000000455454619
428.51,0.0000000461734436
428.87,0.0000000468531139
429.22,0.0000000461081149
429.58,0.0000000464214067
429.93,0.0000000453622777
430.28,0.0000000463210144
430.64,0.0000000456728457
430.99,0.000000045772089
431.35,0.0000000459467959
431.7,0.0000000459714567
432.05,0.0000000460715732
432.41,0.0000000450067499
432.76,0.0000000446354789
433.11,0.0000000460407837
433.47,0.0000000441431459
433.82,0.0000000444664807
434.17,0.000000045858223
434.53,0.0000000450329966
434.88,0.0000000451545937
435.24,0.0000000452250048
435.59,0.000000044906602
435.94,0.000000045163521
436.3,0.0000000454723274
436.65,0.0000000438300159
437,0.0000000443494293
437.35,0.0000000444088585
437.71,0.0000000450974812
438.06,0.0000000445923395
438.41,0.0000000436304708
438.77,0.0000000449357925
439.12,0.0000000433552614
439.47,0.0000000426531807
439.83,0.0000000432958296
440.18,0.0000000447420955
440.53,0.0000000437943935
440.88,0.0000000434091448
441.24,0.0000000429091692
441.59,0.0000000449350632
441.94,0.0000000433138786
442.3,0.0000000419271697
442.65,0.0000000437773666
443,0.000000045776243
443.35,0.0000000447241176
443.71,0.0000000435633817
444.06,0.0000000434955498
444.41,0.0000000429167212
444.76,0.0000000444899973
445.11,0.0000000437908344
445.47,0.0000000448857148
445.82,0.0000000444453393
446.17,0.0000000437204585
446.52,0.0000000441314999
446.88,0.0000000443400255
447.23,0.0000000452905557
447.58,0.0000000439577235
447.93,0.0000000448575875
448.28,0.0000000445196934
448.63,0.0000000450699482
448.99,0.0000000453353132
449.34,0.0000000443119767
449.69,0.0000000450541922
450.04,0.0000000452491736
450.39,0.0000000436471603
450.74,0.0000000448455282
451.1,0.0000000449327765
451.45,0.0000000448753916
451.8,0.0000000440519227
452.15,0.0000000459853209
452.5,0.0000000470731026
452.85,0.0000000451220718
453.21,0.0000000445202402
453.56,0.0000000452722524
453.91,0.0000000463376116
454.26,0.0000000446246004
454.61,0.0000000448259884
454.96,0.0000000449151118
455.31,0.000000046024494
455.66,0.0000000444791318
456.01,0.0000000452824972
456.36,0.000000044975628
456.72,0.0000000444129993
457.07,0.0000000450571491
457.42,0.0000000443806982
457.77,0.0000000446601332
458.12,0.0000000443978358
458.47,0.000000044769927
458.82,0.0000000435443061
459.17,0.0000000438701493
459.52,0.0000000431904049
459.87,0.0000000442553752
460.22,0.0000000435695057
460.57,0.0000000427645036
460.92,0.0000000435577411
461.27,0.0000000422806285
461.62,0.000000042242069
461.97,0.0000000423950877
462.32,0.0000000424675561
462.67,0.0000000417411512
463.02,0.0000000425625059
463.38,0.000000041562732
463.73,0.0000000409735537
464.08,0.0000000404958217
464.43,0.0000000409953654
464.78,0.0000000413917121
465.12,0.0000000409464998
465.47,0.0000000411030909
465.82,0.0000000405649495
466.17,0.0000000396589234
466.52,0.0000000399535565
466.87,0.0000000392873958
467.22,0.0000000397821323
467.57,0.0000000390023042
467.92,0.0000000383813153
468.27,0.0000000383607928
468.62,0.0000000381907238
468.97,0.0000000378404861
469.32,0.0000000378027658
469.67,0.0000000368437609
470.02,0.0000000361698565
470.37,0.0000000369408545
470.72,0.0000000352305021
471.07,0.0000000357175247
471.42,0.0000000342977012
471.76,0.0000000351265677
472.11,0.0000000347745508
472.46,0.0000000340837429
472.81,0.0000000340901737
473.16,0.0000000335984625
473.51,0.0000000337276137
473.86,0.0000000328963677
474.21,0.0000000326882141
474.56,0.0000000321280124
474.9,0.0000000321732581
475.25,0.0000000315207039
475.6,0.0000000316797273
475.95,0.0000000314100685
476.3,0.0000000306815662
476.65,0.000000030967404
477,0.0000000296075267
477.34,0.0000000300825792
477.69,0.0000000296347768
478.04,0.0000000298174846
478.39,0.0000000294456932
478.74,0.0000000291744345
479.09,0.0000000293097726
479.43,0.000000028783285
479.78,0.0000000276882608
480.13,0.0000000273973844
480.48,0.0000000274798295
480.83,0.0000000273113364
481.17,0.0000000271112709
481.52,0.000000026840685
481.87,0.0000000265810735
482.22,0.0000000268658562
482.57,0.0000000266358698
482.91,0.0000000260501201
483.26,0.0000000261124974
483.61,0.0000000258677774
483.96,0.0000000257553231
484.3,0.0000000257477799
484.65,0.0000000251578022
485,0.0000000251986094
485.35,0.0000000252262747
485.69,0.0000000249880263
486.04,0.0000000249394116
486.39,0.0000000248081572
486.74,0.0000000247694432
487.08,0.0000000244221802
487.43,0.0000000241558547
487.78,0.0000000244005525
488.12,0.0000000238145607
488.47,0.0000000239877518
488.82,0.000000023537618
489.17,0.000000023431861
489.51,0.0000000234686054
489.86,0.0000000232498239
490.21,0.0000000233935481
490.55,0.00000002307242
490.9,0.0000000233868017
491.25,0.000000023238899
491.59,0.0000000232555559
491.94,0.0000000229347062
492.29,0.0000000231084336
492.63,0.0000000229483663
492.98,0.0000000230546785
493.33,0.0000000230065958
493.67,0.0000000229079731
494.02,0.000000022912885
494.37,0.0000000228011819
494.71,0.0000000226687792
495.06,0.0000000226675688
495.4,0.00000002307469
495.75,0.0000000226357643
496.1,0.0000000226634706
496.44,0.000000022680018
496.79,0.0000000227959885
497.13,0.00000002283882
497.48,0.0000000229137127
497.83,0.0000000229020605
498.17,0.0000000228478646
498.52,0.0000000227485564
498.86,0.0000000226892617
499.21,0.0000000226201424
499.56,0.0000000227846972
499.9,0.0000000228881562
500.25,0.0000000227606812
500.59,0.0000000227662068
500.94,0.0000000228167459
501.28,0.0000000229449018
501.63,0.0000000231799447
501.97,0.0000000227722567
502.32,0.0000000228192786
502.67,0.0000000227641229
503.01,0.0000000229240137
503.36,0.0000000228336836
503.7,0.000000022851017
504.05,0.0000000229594189
504.39,0.0000000226433439
504.74,0.0000000227108188
505.08,0.0000000229384212
505.43,0.000000022745329
505.77,0.0000000228570744
506.12,0.0000000230831734
506.46,0.0000000228983329
506.81,0.0000000229215769
507.15,0.0000000227666088
507.49,0.0000000226626984
507.84,0.0000000228755661
508.18,0.0000000227071758
508.53,0.0000000224928091
508.87,0.0000000225123372
509.22,0.0000000227333635
509.56,0.0000000228094786
509.91,0.0000000226189394
510.25,0.000000022958662
510.6,0.0000000223457661
510.94,0.0000000224170712
511.28,0.0000000224310096
511.63,0.0000000223741871
511.97,0.0000000225720219
512.32,0.0000000224377928
512.66,0.0000000224687986
513,0.0000000224023612
513.35,0.0000000224182794
513.69,0.0000000225175119
514.04,0.0000000221238064
514.38,0.0000000221492579
514.72,0.0000000222273039
515.07,0.0000000223584789
515.41,0.0000000222313169
515.76,0.0000000221554413
516.1,0.0000000222675201
516.44,0.0000000222885136
516.79,0.0000000222102956
517.13,0.0000000220219526
517.47,0.0000000221122184
517.82,0.0000000219328927
518.16,0.0000000219173668
518.5,0.0000000220937595
518.85,0.0000000220666494
519.19,0.000000022052259
519.53,0.0000000220394402
519.88,0.0000000220759977
520.22,0.0000000219750689
520.56,0.0000000224641042
520.91,0.0000000222154737
521.25,0.0000000220680927
521.59,0.0000000220116781
521.93,0.0000000221473603
522.28,0.0000000221229615
522.62,0.0000000220988503
522.96,0.0000000218088519
523.31,0.0000000219961764
523.65,0.0000000217777515
523.99,0.000000022166912
524.33,0.0000000219435488
524.68,0.0000000217476722
525.02,0.0000000219145994
525.36,0.0000000219105885
525.7,0.0000000220732687
526.05,0.0000000221203775
526.39,0.0000000220311344
526.73,0.0000000222092259
527.07,0.0000000220253856
527.41,0.0000000221984601
527.76,0.0000000221874524
528.1,0.0000000219771859
528.44,0.0000000222843861
528.78,0.0000000221640569
529.12,0.000000022044596
529.47,0.0000000222691404
529.81,0.000000022258331
530.15,0.0000000222401103
530.49,0.0000000222245816
530.83,0.0000000221533699
531.18,0.0000000222910452
531.52,0.0000000221654283
531.86,0.0000000221653295
532.2,0.0000000223565445
532.54,0.0000000223039292
532.88,0.0000000223170592
533.22,0.0000000222749528
533.57,0.0000000223236145
533.91,0.0000000224041605
534.25,0.0000000222332072
534.59,0.0000000220706745
534.93,0.0000000223940355
535.27,0.0000000224776742
535.61,0.0000000224223025
535.95,0.0000000227072052
536.3,0.0000000222599021
536.64,0.0000000223349156
536.98,0.0000000227514271
537.32,0.0000000224348318
537.66,0.0000000224404965
538,0.0000000224747503
538.34,0.0000000223384902
538.68,0.0000000223843534
539.02,0.0000000223574117
539.36,0.0000000223680123
539.7,0.0000000226747836
540.04,0.0000000225542252
540.39,0.0000000225974131
540.73,0.0000000225417356
541.07,0.0000000229189225
541.41,0.0000000225913219
541.75,0.0000000225560107
542.09,0.0000000228705911
542.43,0.0000000227102078
542.77,0.0000000225714507
543.11,0.0000000228141529
543.45,0.000000022796844
543.79,0.0000000228767473
544.13,0.0000000229132204
544.47,0.0000000227389034
544.81,0.0000000227429151
545.15,0.0000000229017562
545.49,0.0000000230984372
545.83,0.0000000230933234
546.17,0.0000000230076706
546.51,0.0000000228748732
546.85,0.0000000229936159
547.19,0.0000000229269457
547.53,0.0000000229993539
547.87,0.0000000229684473
548.21,0.0000000227696142
548.54,0.0000000230234094
548.88,0.0000000228818771
549.22,0.0000000232587015
549.56,0.000000023352094
549.9,0.0000000232944135
550.24,0.0000000231516037
550.58,0.000000023009088
550.92,0.0000000232101389
551.26,0.0000000232108775
551.6,0.0000000234161113
551.94,0.0000000233235973
552.28,0.0000000233548145
552.61,0.0000000235362592
552.95,0.0000000233579065
553.29,0.0000000233368609
553.63,0.0000000236615818
553.97,0.00000002343824
554.31,0.0000000234351025
554.65,0.0000000237307553
554.99,0.0000000236659226
555.32,0.0000000237228551
555.66,0.0000000237201038
556,0.0000000237551003
556.34,0.0000000238255778
556.68,0.0000000239561784
557.02,0.0000000240793551
557.36,0.000000024171449
557.69,0.0000000239129797
558.03,0.0000000242349259
558.37,0.0000000239843325
558.71,0.0000000243392246
559.05,0.0000000240726117
559.38,0.000000024335242
559.72,0.0000000242391347
560.06,0.0000000242455409
560.4,0.0000000242150862
560.74,0.0000000243310035
561.07,0.0000000244824592
561.41,0.0000000247048791
561.75,0.0000000246476473
562.09,0.0000000245711008
562.42,0.0000000245721109
562.76,0.0000000246430837
563.1,0.0000000248438265
563.44,0.0000000247101073
563.77,0.0000000249475754
564.11,0.0000000250465331
564.45,0.0000000249288747
564.79,0.000000024979823
565.12,0.0000000251593924
565.46,0.0000000249305664
565.8,0.0000000252458776
566.14,0.0000000253824327
566.47,0.0000000252566252
566.81,0.000000025433626
567.15,0.0000000253520616
567.48,0.000000025500248
567.82,0.0000000252814568
568.16,0.0000000257406793
568.49,0.0000000256244596
568.83,0.0000000259820505
569.17,0.0000000258501357
569.5,0.0000000257189777
569.84,0.0000000259207079
570.18,0.000000025960187
570.51,0.0000000262315499
570.85,0.0000000260414042
571.19,0.0000000262941744
571.52,0.0000000263836945
571.86,0.0000000263202698
572.2,0.0000000263606911
572.53,0.0000000266355315
572.87,0.0000000263540941
573.21,0.0000000266845528
573.54,0.0000000266046082
573.88,0.0000000268007323
574.21,0.000000026540532
574.55,0.0000000269104276
574.89,0.0000000267219012
575.22,0.0000000268959762
575.56,0.0000000271140213
575.89,0.0000000272784456
576.23,0.0000000270332254
576.57,0.0000000272568134
576.9,0.0000000273927346
577.24,0.0000000272585726
577.57,0.0000000273251894
577.91,0.0000000273091333
578.24,0.0000000275693165
578.58,0.0000000277800996
578.91,0.0000000276597872
579.25,0.0000000277108226
579.59,0.0000000276647536
579.92,0.0000000277942667
580.26,0.000000027845084
580.59,0.0000000280204464
580.93,0.0000000281327735
581.26,0.0000000280156691
581.6,0.000000028344995
581.93,0.0000000280253382
582.27,0.0000000280544964
582.6,0.0000000283218091
582.94,0.0000000282771029
583.27,0.000000028411783
583.61,0.0000000283627065
583.94,0.0000000285432206
584.28,0.0000000287006415
584.61,0.0000000286365842
584.94,0.0000000286256158
585.28,0.0000000286916158
585.61,0.0000000286184863
585.95,0.0000000289396283
586.28,0.0000000288404343
586.62,0.0000000288626663
586.95,0.0000000291174073
587.29,0.0000000291075989
587.62,0.0000000292883168
587.95,0.0000000295492976
588.29,0.0000000295353495
588.62,0.0000000293651039
588.96,0.0000000293239934
589.29,0.0000000296153945
589.62,0.0000000294810446
589.96,0.0000000296358355
590.29,0.000000029744952
590.63,0.0000000298784619
590.96,0.0000000300612223
591.29,0.0000000298071416
591.63,0.0000000300666481
591.96,0.0000000300450127
592.29,0.0000000303765183
592.63,0.000000030173916
592.96,0.0000000300226809
593.3,0.0000000303500408
593.63,0.000000030248474
593.96,0.0000000306430742
594.3,0.0000000306454373
594.63,0.0000000305895052
594.96,0.000000030856424
595.3,0.0000000304930089
595.63,0.0000000307703429
595.96,0.0000000306066717
596.29,0.0000000309963908
596.63,0.0000000312455356
596.96,0.0000000312699468
597.29,0.0000000312210507
597.63,0.0000000311250443
597.96,0.0000000312305008
598.29,0.0000000316724164
598.63,0.0000000315654464
598.96,0.0000000312970598
599.29,0.0000000316634888
599.62,0.0000000317654602
599.96,0.0000000320505207
600.29,0.0000000317503135
600.62,0.0000000320708089
600.95,0.000000032019244
601.29,0.0000000320720797
601.62,0.000000032163306
601.95,0.0000000323758494
602.28,0.0000000320792794
602.61,0.0000000323270344
602.95,0.000000032283361
603.28,0.0000000328422551
603.61,0.0000000327344362
603.94,0.0000000328041147
604.27,0.0000000328309092
604.61,0.0000000330055317
604.94,0.0000000330800149
605.27,0.0000000329389255
605.6,0.0000000331774207
605.93,0.0000000336181341
606.27,0.0000000333728519
606.6,0.0000000337107668
606.93,0.0000000334971368
607.26,0.0000000339306726
607.59,0.0000000341939818
607.92,0.0000000338432574
608.26,0.0000000340892156
608.59,0.0000000342162736
608.92,0.0000000342072536
609.25,0.0000000345484234
609.58,0.0000000344534601
609.91,0.0000000345353849
610.24,0.0000000350758148
610.57,0.0000000350278245
610.9,0.0000000345120219
611.24,0.0000000353296553
611.57,0.0000000352875977
611.9,0.0000000353920013
612.23,0.0000000356914113
612.56,0.0000000355835567
612.89,0.0000000354571738
613.22,0.0000000363840977
613.55,0.000000035729949
613.88,0.0000000363302416
614.21,0.0000000360938117
614.54,0.000000036718762
614.87,0.0000000367610887
615.2,0.0000000367281431
615.53,0.0000000367702076
615.87,0.000000036819682
616.2,0.0000000371801031
616.53,0.000000037285344
616.86,0.0000000378890148
617.19,0.0000000379887396
617.52,0.0000000376003226
617.85,0.0000000379994061
618.18,0.0000000384117644
618.51,0.0000000382384917
618.84,0.0000000387033187
619.17,0.000000038714577
619.5,0.0000000387994227
619.83,0.0000000393925606
620.16,0.0000000392391791
620.49,0.0000000396931503
620.82,0.0000000400995813
621.14,0.0000000398111995
621.47,0.000000039820867
621.8,0.0000000403786979
622.13,0.0000000399298728
622.46,0.0000000406634998
622.79,0.0000000401312985
623.12,0.0000000404228146
623.45,0.0000000407709293
623.78,0.0000000407547567
624.11,0.0000000413927805
624.44,0.0000000414161929
624.77,0.0000000410394374
625.1,0.0000000415955306
625.43,0.0000000416301341
625.75,0.0000000415318588
626.08,0.0000000413415143
626.41,0.0000000411601373
626.74,0.0000000418853007
627.07,0.0000000422738417
627.4,0.0000000415825149
627.73,0.0000000423422061
628.06,0.0000000417826981
628.38,0.000000041991121
628.71,0.0000000420111676
629.04,0.0000000417724786
629.37,0.0000000419317067
629.7,0.0000000425315257
630.03,0.0000000421598628
630.36,0.0000000419936064
630.68,0.0000000423496017
631.01,0.000000041932836
631.34,0.0000000416682702
631.67,0.0000000421569046
632,0.0000000427495341
632.32,0.0000000420249713
632.65,0.0000000423898141
632.98,0.0000000422666892
633.31,0.0000000421741857
633.64,0.0000000418237279
633.96,0.0000000419103217
634.29,0.0000000420983894
634.62,0.0000000419468342
634.95,0.0000000420378749
635.27,0.0000000420526334
635.6,0.0000000422701069
635.93,0.000000042077581
636.26,0.0000000423195381
636.58,0.000000042017628
636.91,0.0000000422156075
637.24,0.0000000420447519
637.57,0.0000000421529315
637.89,0.0000000425910276
638.22,0.0000000419779463
638.55,0.0000000421142741
638.87,0.0000000425837505
639.2,0.0000000426818736
639.53,0.000000042425232
639.86,0.0000000424216264
640.18,0.000000042936141
640.51,0.0000000427292444
640.84,0.0000000427818374
641.16,0.0000000430328147
641.49,0.0000000430283712
641.82,0.0000000434343074
642.14,0.0000000432995487
642.47,0.000000043524269
642.8,0.0000000440561987
643.12,0.0000000433797708
643.45,0.0000000435113795
643.78,0.0000000440005691
644.1,0.0000000434667936
644.43,0.0000000437449532
644.75,0.0000000438823585
645.08,0.0000000436531931
645.41,0.0000000441848066
645.73,0.0000000442192626
646.06,0.0000000439707615
646.39,0.0000000446422556
646.71,0.0000000439413254
647.04,0.0000000445526109
647.36,0.0000000450592304
647.69,0.0000000449425685
648.01,0.0000000452855533
648.34,0.00000004525614
648.67,0.0000000451485701
648.99,0.0000000456273161
649.32,0.0000000454461511
649.64,0.0000000458541913
649.97,0.0000000456367223
650.29,0.0000000457734117
650.62,0.0000000460463163
650.94,0.0000000461466752
651.27,0.0000000464535701
651.59,0.0000000467301357
651.92,0.0000000466077302
652.25,0.00000004701802
652.57,0.0000000466798744
652.9,0.0000000470068844
653.22,0.0000000474565395
653.55,0.0000000477872789
653.87,0.0000000478141284
654.2,0.0000000481539918
654.52,0.0000000481183787
654.84,0.0000000484393776
655.17,0.0000000484167869
655.49,0.0000000489044174
655.82,0.0000000493864599
656.14,0.0000000487578136
656.47,0.0000000489812561
656.79,0.0000000496563872
657.12,0.000000049823074
657.44,0.0000000503482584
657.77,0.0000000494006398
658.09,0.0000000502952254
658.41,0.0000000498134393
658.74,0.0000000504671077
659.06,0.0000000504843111
659.39,0.0000000504401595
659.71,0.0000000508895741
660.03,0.0000000505971961
660.36,0.000000051635031
660.68,0.0000000517672847
661.01,0.0000000520568189
661.33,0.0000000519007016
661.65,0.000000052605628
661.98,0.0000000524365456
662.3,0.0000000527122874
662.63,0.0000000530984646
662.95,0.0000000526052925
663.27,0.0000000531798476
663.6,0.0000000531089596
663.92,0.0000000541638186
664.24,0.0000000537915018
664.57,0.00000005419237
664.89,0.0000000537103556
665.21,0.0000000551278975
665.54,0.0000000543601892
665.86,0.000000055338784
666.18,0.000000055444398
666.51,0.0000000560006804
666.83,0.0000000559087067
667.15,0.0000000563555653
667.47,0.0000000556849702
667.8,0.0000000564645727
668.12,0.0000000568426231
668.44,0.0000000570011688
668.77,0.0000000568444428
669.09,0.0000000575670576
669.41,0.0000000573814326
669.73,0.0000000585079154
670.06,0.0000000584089459
670.38,0.0000000584751351
670.7,0.0000000585412685
671.02,0.0000000593227181
671.35,0.0000000599931185
671.67,0.0000000598054942
671.99,0.0000000593186817
672.31,0.0000000599784851
672.63,0.0000000613065502
672.96,0.0000000612154072
673.28,0.000000061454825
673.6,0.0000000617863435
673.92,0.0000000625029664
674.24,0.0000000617900762
674.57,0.0000000626825343
674.89,0.0000000624636422
675.21,0.0000000629429675
675.53,0.0000000634370979
675.85,0.0000000649006912
676.17,0.000000064718039
676.5,0.0000000645233936
676.82,0.0000000639253312
677.14,0.0000000653167406
677.46,0.0000000655008447
677.78,0.0000000659256308
678.1,0.000000065838262
678.42,0.000000065820324
678.75,0.0000000654180827
679.07,0.0000000671727487
679.39,0.0000000670139028
679.71,0.0000000671890662
680.03,0.0000000681120025
680.35,0.0000000693161836
680.67,0.0000000676010839
680.99,0.0000000692414842
681.31,0.0000000692672577
681.63,0.0000000697298126
681.96,0.000000070280282
682.28,0.0000000701758092
682.6,0.0000000706737031
682.92,0.0000000699323516
683.24,0.0000000716226619
683.56,0.0000000714486214
683.88,0.000000072526539
684.2,0.0000000725879327
684.52,0.0000000720068358
684.84,0.0000000724256284
685.16,0.0000000734929997
685.48,0.0000000737003078
685.8,0.0000000749409055
686.12,0.0000000741336953
686.44,0.0000000752388436
686.76,0.0000000743807381
687.08,0.0000000751043552
687.4,0.0000000762094948
687.72,0.000000076360488
688.04,0.0000000765055844
688.36,0.0000000768806572
688.68,0.0000000788705907
689,0.0000000773866169
689.32,0.0000000787261536
689.64,0.0000000790736974
689.96,0.0000000786643091
690.28,0.0000000800292045
690.6,0.0000000781516194
690.92,0.0000000791628834
691.24,0.0000000801590112
691.56,0.0000000800497369
691.88,0.0000000815274795
692.19,0.0000000812787532
692.51,0.0000000825899399
692.83,0.0000000824298199
693.15,0.0000000829946312
693.47,0.0000000842191341
693.79,0.0000000850669983
694.11,0.0000000846195645
694.43,0.000000084035249
694.75,0.0000000847246095
695.06,0.0000000852555776
695.38,0.0000000859249664
695.7,0.0000000873917352
696.02,0.0000000875968932
696.34,0.0000000867516803
696.66,0.0000000871049346
696.98,0.0000000886198815
697.29,0.0000000889775099
697.61,0.0000000894883016
697.93,0.0000000907838176
698.25,0.0000000894856395
698.57,0.0000000900075837
698.89,0.0000000910821639
699.2,0.0000000910331992
699.52,0.0000000912388053
699.84,0.0000000934036256
700.16,0.0000000936600622
700.48,0.0000000949198348
700.79,0.0000000938960156
701.11,0.0000000938746796
701.43,0.0000000943234196
701.75,0.0000000934694167
702.07,0.000000095159302
702.38,0.0000000959771514
702.7,0.0000000950932758
703.02,0.0000000978465297
703.34,0.000000097065531
703.65,0.000000098999698
703.97,0.0000000989400019
704.29,0.0000000997168949
704.61,0.0000000987158228
704.92,0.0000000998064101
705.24,0.000000101376725
705.56,0.00000010098275
705.87,0.000000100093765
706.19,0.000000101818285
706.51,0.000000102723096
706.82,0.000000102115448
707.14,0.000000105096731
707.46,0.000000105181193
707.78,0.000000105179836
708.09,0.000000106704719
708.41,0.000000106866214
708.73,0.000000105957456
709.04,0.000000106990343
709.36,0.00000010545672
709.68,0.000000106087326
709.99,0.000000107772582
710.31,0.000000108371097
710.62,0.000000108747909
710.94,0.000000110150244
711.26,0.000000110677075
711.57,0.000000112149073
711.89,0.000000111220307
712.21,0.00000011064563
712.52,0.000000112460513
712.84,0.000000114195633
713.15,0.000000114453676
713.47,0.000000113941839
713.79,0.000000114870669
714.1,0.000000116891982
714.42,0.000000116305137
714.73,0.000000117489519
715.05,0.000000117481515
715.36,0.00000012067787
715.68,0.000000120405203
715.99,0.000000120915745
716.31,0.000000120710289
716.63,0.000000120642588
716.94,0.000000122254979
717.26,0.000000123218206
717.57,0.000000122196506
717.89,0.000000125598827
718.2,0.000000124930989
718.52,0.000000125870704
718.83,0.000000127688229
719.15,0.000000128371533
719.46,0.000000131653417
719.78,0.00000012964581
720.09,0.000000130092395
720.41,0.000000132676252
720.72,0.000000132334423
721.04,0.000000133125172
721.35,0.000000132632761
721.67,0.000000136598452
721.98,0.000000137066616
722.29,0.0000001374139
722.61,0.000000137357682
722.92,0.000000138697905
723.24,0.000000140408752
723.55,0.000000139511765
723.87,0.000000138912478
724.18,0.000000141285597
724.5,0.000000139977649
724.81,0.000000142626498
725.12,0.000000144461368
725.44,0.000000146836795
725.75,0.000000143573982
726.07,0.000000146389054
726.38,0.000000148130479
726.69,0.000000148842876
727.01,0.000000148174578
727.32,0.000000153312634
727.63,0.000000148987665
727.95,0.000000154633943
728.26,0.000000152915727
728.58,0.000000153363298
728.89,0.000000156211631
729.2,0.000000153980467
729.52,0.000000157638419
729.83,0.000000162500218
730.14,0.000000160862718
730.46,0.000000163369286
730.77,0.000000164038653
731.08,0.000000165233323
731.39,0.00000016371202
731.71,0.000000165820982
732.02,0.000000167802104
732.33,0.000000168500624
732.65,0.00000017120475
732.96,0.000000176787155
733.27,0.00000017701145
733.59,0.000000176018464
733.9,0.000000177773973
734.21,0.000000177283302
734.52,0.000000180376364
734.84,0.000000180722336
735.15,0.000000184729378
735.46,0.00000018699645
735.77,0.000000185384921
736.09,0.000000190144622
736.4,0.000000188125644
736.71,0.000000187282654
737.02,0.00000019390942
737.33,0.000000195250698
737.65,0.000000196817488
737.96,0.000000196547657
738.27,0.000000197008458
738.58,0.000000198598098
738.89,0.000000199923538
739.21,0.000000201738475
739.52,0.000000201195337
739.83,0.00000020310346
740.14,0.000000201709446
740.45,0.000000207676493
740.76,0.000000205458453
741.08,0.00000020953937
741.39,0.000000206021553
741.7,0.000000202183515
742.01,0.000000207772595
742.32,0.000000206731359
742.63,0.000000204686546
742.94,0.000000209578271
743.26,0.000000208015062
743.57,0.00000020948176
743.88,0.000000206771842
744.19,0.000000212030388
744.5,0.000000210706041
744.81,0.000000210417395
745.12,0.000000214046369
745.43,0.000000211258975
745.74,0.000000211402575
746.05,0.000000213955437
746.36,0.000000212285854
746.67,0.000000207657137
746.99,0.000000212850523
747.3,0.000000215471351
747.61,0.000000216067862
747.92,0.000000212191547
748.23,0.000000213977681
748.54,0.000000210452173
748.85,0.000000214255826
749.16,0.000000212423
749.47,0.000000215306287
749.78,0.000000212774056
750.09,0.000000214926887
750.4,0.000000215103451
750.71,0.000000214627985
751.02,0.000000215250727
751.33,0.000000217863621
751.64,0.000000219345628
751.95,0.000000216760918
752.26,0.000000218940081
752.57,0.000000219327544
752.88,0.000000217199588
753.19,0.000000217788146
753.5,0.000000219726804
753.81,0.000000220198618
754.11,0.000000218179663
754.42,0.00000021914805
754.73,0.000000220933582
755.04,0.000000222225947
755.35,0.000000221236352
755.66,0.000000222054062
755.97,0.000000223793251
756.28,0.000000228169175
756.59,0.000000226179552
756.9,0.000000224974848
757.21,0.000000226171435
757.52,0.000000223473534
757.82,0.000000229377027
758.13,0.000000227141401
758.44,0.00000023347324
758.75,0.00000023446549
759.06,0.000000231660188
759.37,0.000000234298589
759.68,0.000000234621439
759.98,0.000000236152464
760.29,0.000000236770938
760.6,0.000000236560784
760.91,0.000000235962436
761.22,0.000000241345034
761.53,0.000000243317095
761.83,0.000000240851903
762.14,0.000000246506035
762.45,0.000000240660814
762.76,0.000000249394445
763.07,0.000000244967752
763.37,0.000000249666536
763.68,0.00000024947755
763.99,0.000000252785717
764.3,0.000000248991756
764.6,0.000000252173707
764.91,0.000000257889342
765.22,0.000000263986344
765.53,0.000000261261622
765.84,0.000000263368317
766.14,0.000000266671394
766.45,0.000000260737191
766.76,0.000000264092596
767.06,0.000000276749323
767.37,0.000000273884215
767.68,0.000000284329995
767.99,0.000000273400711
768.29,0.000000286965965
768.6,0.000000293746273
768.91,0.000000286212409
769.21,0.000000291478723
769.52,0.000000289235681
769.83,0.000000291573392
770.13,0.000000294469604
770.44,0.000000301517206
770.75,0.000000295461297
771.05,0.000000306788216
771.36,0.00000030021133
771.67,0.000000306230937
771.97,0.000000299603259
772.28,0.000000312746909
772.59,0.000000309008199
772.89,0.000000318836033
773.2,0.000000324526715
773.51,0.000000318135908
773.81,0.000000316835194
774.12,0.000000329194899
774.42,0.000000320492774
774.73,0.000000330115521
775.04,0.00000034691372
775.34,0.000000339920472
775.65,0.000000343717582
775.95,0.000000335981397
776.26,0.000000340382694
776.56,0.000000346125856
776.87,0.000000354199621
777.18,0.000000354182037
777.48,0.000000362745886
777.79,0.000000357069037
778.09,0.000000363040851
778.4,0.000000380018518
778.7,0.00000036779336
779.01,0.000000378606396
779.31,0.000000369954041
779.62,0.000000371455015
779.92,0.000000374759106
780.23,0.000000384077127
780.53,0.000000386325777
780.84,0.000000390023398
781.14,0.000000408344646
781.45,0.000000405754672
781.75,0.000000399350424
782.06,0.000000409637779
782.36,0.000000406045165
782.67,0.000000408832036
782.97,0.000000423090684
783.28,0.000000420008488
783.58,0.000000409692491
783.89,0.000000428490019
784.19,0.000000429060063
784.49,0.000000448846265
784.8,0.00000043273938
785.1,0.000000458161818
785.41,0.000000449674138
785.71,0.000000450294852
786.02,0.000000443935065
786.32,0.000000453105975
786.62,0.000000466328094
786.93,0.000000472049925
787.23,0.000000475016921
787.54,0.000000476086154
787.84,0.0000004826374
788.14,0.000000476495294
788.45,0.000000491522018
788.75,0.000000515515664
789.05,0.000000508291417
789.36,0.000000511051786
789.66,0.000000502237348
789.96,0.000000511282063
790.27,0.000000521806012
790.57,0.000000516212923
790.87,0.000000523662354
791.18,0.000000521234928
791.48,0.000000523432518
791.78,0.000000527055653
792.09,0.000000551550165
792.39,0.000000540811845
792.69,0.000000546943142
793,0.000000562160454
793.3,0.000000561751597
793.6,0.000000548325353
793.9,0.000000562002663
794.21,0.000000591950854
794.51,0.000000583037011
794.81,0.000000586927822
795.11,0.000000573406499
795.42,0.000000586027569
795.72,0.000000603179082
796.02,0.000000586870953
796.32,0.000000606849818
796.63,0.000000606985833
796.93,0.000000616598392
797.23,0.000000640739544
797.53,0.000000612731013
797.84,0.000000661775218
798.14,0.000000642561333
798.44,0.000000618902254
798.74,0.000000670832908
799.04,0.000000665715998
799.34,0.000000676104937
799.65,0.000000687613996
799.95,0.000000712097695
800.25,0.000000715692192
800.55,0.000000730823885
800.85,0.000000736425506
801.15,0.000000728023538
801.46,0.000000743209167
801.76,0.000000715648294
802.06,0.000000747756659
802.36,0.000000746989844
802.66,0.000000748571954
802.96,0.000000767077716
803.26,0.00000074191929
803.56,0.000000769416637
803.87,0.000000795283117
804.17,0.000000749913115
804.47,0.000000838178944
804.77,0.000000774136155
805.07,0.000000843316559
805.37,0.000000788321399
805.67,0.000000821067915
805.97,0.000000860341627
806.27,0.000000886758366
806.57,0.000000853367021
806.87,0.000000870368045
807.17,0.000000913871659
807.47,0.000000877177956
807.77,0.000000881921273
808.07,0.000000904153644
808.37,0.000000916855649
808.67,0.000000925595422
808.98,0.000000922251107
809.28,0.000000974308617
809.58,0.000000924126011
809.88,0.000000953054384
810.18,0.000000999441037
810.47,0.000000980053488
810.77,0.000000973919774
811.07,0.00000103831737
811.37,0.00000103857553
811.67,0.00000105251543
811.97,0.00000104909448
812.27,0.00000101216534
812.57,0.00000107791365
812.87,0.00000113746058
813.17,0.00000113452266
813.47,0.00000109646586
813.77,0.00000105252966
814.07,0.00000113861959
814.37,0.00000112610318
814.67,0.00000113063184
814.97,0.000001131989
815.27,0.00000120128286
815.56,0.00000120641637
815.86,0.00000117952085
816.16,0.00000120222437
816.46,0.00000124225296
816.76,0.00000127279158
817.06,0.00000121531764
817.36,0.00000126278821
817.66,0.00000127111958
817.95,0.00000121998383
818.25,0.00000132345549
818.55,0.0000013782779
818.85,0.00000133294989
819.15,0.00000135578365
819.45,0.00000135311273
819.75,0.00000142539196
820.04,0.00000140097304
820.34,0.00000139167267
820.64,0.00000149358016
820.94,0.00000148847562
821.24,0.00000146720805
821.53,0.00000151733759
821.83,0.00000161718997
822.13,0.00000152009993
822.43,0.00000159675782
822.72,0.00000162726715
823.02,0.00000158928154
823.32,0.00000161517304
823.62,0.00000164190854
823.91,0.00000160116078
824.21,0.00000161657389
824.51,0.0000015978704
824.81,0.00000169669703
825.1,0.00000172616594
825.4,0.00000176175976
825.7,0.00000170296193
826,0.00000175770304
826.29,0.0000018408111
826.59,0.00000185259062
826.89,0.00000174664535
827.18,0.00000187659336
827.48,0.00000191861429
827.78,0.00000177890651
828.07,0.00000186678573
828.37,0.00000193872324
828.67,0.0000020163804
828.96,0.000002096852
829.26,0.00000207253394
829.56,0.000002080257
829.85,0.00000229212963
830.15,0.00000217045738
830.45,0.00000214443386
830.74,0.00000210443178
831.04,0.00000234349282
831.34,0.00000209854098
831.63,0.00000230083564
831.93,0.00000220602598
832.22,0.00000226395344
832.52,0.00000240734869
832.82,0.00000245156962
833.11,0.00000227883645
833.41,0.00000275087406
833.7,0.00000253005081
834,0.00000234665153
834.29,0.00000259610483
834.59,0.00000249140802
834.89,0.00000254395418
835.18,0.000002713719
835.48,0.00000280782148
835.77,0.00000309958816
836.07,0.00000268091218
836.36,0.00000277264243
836.66,0.00000273045639
836.95,0.00000308053166
837.25,0.00000287280576
837.54,0.00000285380881
837.84,0.00000288155581
838.13,0.00000329989029
838.43,0.00000339199959
838.72,0.0000030338292
839.02,0.00000294075301
839.31,0.00000320160628
839.61,0.00000347341801
839.9,0.00000394092794
840.2,0.00000312394831
840.49,0.00000332725287
840.78,0.00000360018704
841.08,0.00000343144337
841.37,0.00000367790833
841.67,0.00000441513186
841.96,0.00000373625013
842.26,0.00000349481023
842.55,0.0000042096225
842.84,0.00000407268878
843.14,0.00000353876557
843.43,0.00000440939754
843.73,0.00000437991404
844.02,0.0000045756194
844.31,0.0000043678601
844.61,0.000003964709
844.9,0.00000403064225
845.2,0.00000415359187
845.49,0.00000437469151
845.78,0.00000443893959
846.08,0.00000465691412
846.37,0.00000428928051
846.66,0.00000441272672
846.96,0.00000423431577
847.25,0.00000438517981
847.54,0.00000456372025
847.84,0.00000477548864
848.13,0.00000517390788
848.42,0.00000470725821
848.72,0.00000448898354
849.01,0.00000491517247
849.3,0.00000545402875
849.59,0.00000529446509
849.89,0.00000603873117
850.18,0.0000053671389
850.47,0.00000551132948
850.76,0.00000556267835
851.06,0.00000539713733
851.35,0.00000462240399
851.64,0.00000561977345
851.93,0.0000053351057
852.23,0.00000627146279
852.52,0.00000738139776
852.81,0.0000067493818
853.1,0.00000775268355
853.4,0.0000058441245
853.69,0.00000622297575
853.98,0.00000658428131
854.27,0.00000744471384
854.56,0.00000687823945
854.86,0.00000662779611
855.15,0.00000646075361
855.44,0.00000823800579
855.73,0.00000750586339
856.02,0.00000742092607
856.31,0.0000117956264
856.61,0.0000108854208
856.9,0.00000794520624
857.19,0.00000665194184
857.48,0.00000909677896
857.77,0.00000780887505
858.06,0.00000811298327
858.35,0.00000898024935
858.65,0.00000749589973
858.94,0.00000817678107
859.23,0.00000967936783
859.52,0.0000100682175
859.81,0.00000999366697
860.1,0.00000992029753
860.39,0.00000969772923
860.68,0.00000858789885
860.97,0.0000118842764
861.26,0.00000971166535
861.55,0.00000860027547
861.85,0.0000124848568
862.14,0.0000084938135
862.43,0.0000101975252
862.72,0.0000115937388
863.01,0.00000839430165
863.3,0.0000121576991
863.59,0.0000109161104
863.88,0.0000107379275
864.17,0.00000894016614
864.46,0.0000125399615
864.75,0.0000133303157
865.04,0.0000121937757
865.33,0.0000132060256
865.62,0.00000956436121
865.91,0.0000097882916
866.2,0.000011878795
866.49,0.0000092342114
866.78,0.0000099550601
867.07,0.0000117876326
867.36,0.0000217881863
867.65,0.0000267949133
867.93,0.000013404276
868.22,0.0000113935129
868.51,0.0000104725626
868.8,0.0000130180325
869.09,0.0000161180876
869.38,0.0000121708543
869.67,0.000011734326
869.96,0.00001174039
870.25,0.00001174039